{"cameraMode":{"drawMode":0,"name":"Shaded","section":"Shading Mode"},"sceneLighting":true,"audioPlay":false,"sceneViewState":{"m_AlwaysRefresh":false,"showFog":true,"showSkybox":true,"showFlares":true,"showImageEffects":true,"showParticleSystems":true,"showVisualEffectGraphs":true,"m_FxEnabled":true},"in2DMode":false,"pivot":{"x":-2.919651746749878,"y":-1.74522066116333,"z":6.443447113037109},"rotation":{"x":0.127971813082695,"y":0.0014876669738441706,"z":-0.00019195713684894145,"w":0.9917769432067871},"size":11.96393871307373,"orthographic":false}